Wall time,Step,Value
1712679705.844415,67,0.5013850331306458
1712679710.8756285,134,0.5353785157203674
1712679717.6518376,201,0.5898967981338501
1712679723.3814735,268,0.6541262269020081
1712679729.6671176,335,0.6365237832069397
1712679736.050304,402,0.7167785167694092
1712679742.7006402,469,0.6758620738983154
1712679756.412577,536,0.7098479866981506
1712679761.090021,603,0.7051948308944702
1712679766.005389,670,0.7402777671813965
1712679770.6950748,737,0.7370600700378418
1712679775.203079,804,0.7428967356681824
1712679779.935255,871,0.7604617476463318
1712679784.4706805,938,0.7615606784820557
1712679795.3031049,1005,0.7692307829856873
1712679800.1203318,1072,0.7674418687820435
1712679805.1082702,1139,0.7981147170066833
1712679809.7172585,1206,0.7729970216751099
1712679814.418257,1273,0.791540801525116
1712679819.1029954,1340,0.7906273603439331
1712679823.6909661,1407,0.7760531902313232
1712679828.4461513,1474,0.7763649821281433
1712679837.0750654,1541,0.7855530381202698
1712679843.6052551,1608,0.78899085521698
1712679848.308278,1675,0.7904468178749084
1712679853.138151,1742,0.7981366515159607
1712679857.7374802,1809,0.7922480702400208
1712679862.3826911,1876,0.7947530746459961
1712679867.111385,1943,0.79233717918396
1712679876.0683384,2010,0.793553352355957
1712679893.396468,2010,0.793553352355957
