Wall time,Step,Value
1712739000.7915692,67,0.699999988079071
1712739009.1825466,134,0.7187079191207886
1712739016.8476083,201,0.6857143044471741
1712739025.473941,268,0.7501779198646545
1712739034.38968,335,0.7335164546966553
1712739042.805329,402,0.7642752528190613
1712739050.2920847,469,0.7596223950386047
1712739059.8498683,536,0.7923076748847961
1712739064.816031,603,0.8059006333351135
1712739069.530806,670,0.8162601590156555
1712739074.4354093,737,0.7968627214431763
1712739078.9692798,804,0.8019169569015503
1712739083.81696,871,0.807131290435791
1712739088.3982532,938,0.8159608840942383
1712739097.0059645,1005,0.8012718558311462
1712739101.7330627,1072,0.8364249467849731
1712739106.343265,1139,0.8379310369491577
1712739111.198844,1206,0.831535279750824
1712739116.0518348,1273,0.8235294222831726
1712739120.7987325,1340,0.8441780805587769
1712739125.445456,1407,0.8313659429550171
1712739130.028699,1474,0.8306382894515991
1712739147.6756997,1541,0.8347245454788208
1712739152.3974154,1608,0.8377682566642761
1712739157.0793433,1675,0.8362069129943848
1712739161.896707,1742,0.8326253294944763
1712739166.4730647,1809,0.8329004049301147
1712739171.2713695,1876,0.8306382894515991
1712739175.8299448,1943,0.8285229206085205
1712739185.6428175,2010,0.8327645063400269
1712739221.9614663,2010,0.8327645063400269
