Wall time,Step,Value
1712678492.3111432,67,0.714677631855011
1712678500.8450027,134,0.7492795586585999
1712678509.4755597,201,0.6951456069946289
1712678516.5678544,268,0.7691187262535095
1712678524.995012,335,0.7672226428985596
1712678533.8499012,402,0.7912254333496094
1712678542.2943263,469,0.7721611857414246
1712678557.527391,536,0.803459107875824
1712678562.3948708,603,0.8095605373382568
1712678567.1162944,670,0.827018141746521
1712678571.9821546,737,0.8118022084236145
1712678576.5014198,804,0.8161888718605042
1712678581.057162,871,0.8222222328186035
1712678585.7334263,938,0.8168317079544067
1712678598.6683662,1005,0.8161582946777344
1712678603.5325801,1072,0.8217317461967468
1712678608.5163188,1139,0.8166383504867554
1712678613.1027002,1206,0.8149959444999695
1712678618.8278515,1273,0.8189368844032288
1712678623.5682788,1340,0.8118985295295715
1712678628.168233,1407,0.8277592062950134
1712678632.8290696,1474,0.8235294222831726
1712678641.4661326,1541,0.8166666626930237
1712678646.3851607,1608,0.8273561596870422
1712678651.005065,1675,0.8280581831932068
1712678655.6365974,1742,0.8313856720924377
1712678660.326647,1809,0.8284023404121399
1712678665.4973717,1876,0.8265992999076843
1712678670.1864855,1943,0.8256880640983582
1712678685.979309,2010,0.8265992999076843
1712678699.4602027,2010,0.8265992999076843
