Wall time,Step,Value
1712678492.3109534,67,0.8509984612464905
1712678500.8448803,134,0.8684715628623962
1712678509.4754014,201,0.8229646682739258
1712678516.5676951,268,0.8926651477813721
1712678524.9948971,335,0.9062979817390442
1712678533.8497467,402,0.9064900279045105
1712678542.2941864,469,0.9089861512184143
1712678557.5272968,536,0.9160906076431274
1712678562.3947988,603,0.9287634491920471
1712678567.1162078,670,0.9312595725059509
1712678571.9820313,737,0.9262672662734985
1712678576.5013478,804,0.9422042965888977
1712678581.0570729,871,0.9416282773017883
1712678585.7333555,938,0.9402841925621033
1712678598.6682503,1005,0.9362519383430481
1712678603.532484,1072,0.937980055809021
1712678608.5162432,1139,0.9408602118492126
1712678613.1026208,1206,0.9354838728904724
1712678618.827686,1273,0.937980055809021
1712678623.5682015,1340,0.9485406875610352
1712678628.1681583,1407,0.94450843334198
1712678632.8289983,1474,0.9397081136703491
1712678641.4660456,1541,0.9433563947677612
1712678646.385083,1608,0.9443164467811584
1712678651.004952,1675,0.9460445642471313
1712678655.6364574,1742,0.94450843334198
1712678660.3265603,1809,0.94450843334198
1712678665.4973,1876,0.94450843334198
1712678670.1864083,1943,0.9425883293151855
1712678685.9791946,2010,0.9450845122337341
1712678699.4601297,2010,0.9450845122337341
