Wall time,Step,Value
1712679705.844332,67,0.16263440251350403
1712679710.8754716,134,0.5768049359321594
1712679717.6516802,201,0.6132872700691223
1712679723.3813517,268,0.6983487010002136
1712679729.6658986,335,0.7442396283149719
1712679736.0501506,402,0.8112519383430481
1712679742.7005146,469,0.8018433451652527
1712679756.412513,536,0.8131720423698425
1712679761.0899441,603,0.843317985534668
1712679766.005249,670,0.852150559425354
1712679770.6949933,737,0.8640552759170532
1712679775.2030137,804,0.8755760192871094
1712679779.9351788,871,0.8696236610412598
1712679784.470602,938,0.8759600520133972
1712679795.3030167,1005,0.8966974020004272
1712679800.1202555,1072,0.8951612710952759
1712679805.1081991,1139,0.9279953837394714
1712679809.7171853,1206,0.9043778777122498
1712679814.4181361,1273,0.9134024381637573
1712679819.1029189,1340,0.9061059951782227
1712679823.6908534,1407,0.9082181453704834
1712679828.4460647,1474,0.9114823341369629
1712679837.074986,1541,0.912826418876648
1712679843.6051738,1608,0.9153226017951965
1712679848.3081946,1675,0.9122503995895386
1712679853.138074,1742,0.9212749600410461
1712679857.737395,1809,0.9162826538085938
1712679862.3826146,1876,0.9214669466018677
1712679867.111245,1943,0.9197388887405396
1712679876.0682306,2010,0.9201228618621826
1712679893.3963866,2010,0.9201228618621826
