Wall time,Step,Value
1712674593.041037,67,0.9454684853553772
1712674599.3081555,134,0.9429723620414734
1712674604.8877628,201,0.9293394684791565
1712674610.7763782,268,0.9425883293151855
1712674617.1526349,335,0.9602534770965576
1712674623.64315,402,0.9518049359321594
1712674630.4046414,469,0.9539170265197754
1712674639.9989517,536,0.9481566548347473
1712674644.6801786,603,0.9473886489868164
1712674649.5845516,670,0.9552611112594604
1712674654.1846786,737,0.9591013789176941
1712674658.654558,804,0.9512288570404053
1712674663.3216355,871,0.9485406875610352
1712674667.76311,938,0.9506528377532959
1712674678.627137,1005,0.9429723620414734
1712674683.452011,1072,0.9475806355476379
1712674688.3571517,1139,0.9437404274940491
1712674692.912234,1206,0.9496927857398987
1712674697.497275,1273,0.9541090726852417
1712674702.1866167,1340,0.9510368704795837
1712674706.7204216,1407,0.9473886489868164
1712674711.430336,1474,0.9481566548347473
1712674723.7573543,1541,0.9466205835342407
1712674728.4774778,1608,0.9491167664527893
1712674733.0628018,1675,0.9485406875610352
1712674737.7563734,1742,0.9443164467811584
1712674742.3248646,1809,0.9516128897666931
1712674747.0314653,1876,0.9464285969734192
1712674751.65196,1943,0.9471966028213501
1712674761.8938959,2010,0.9493087530136108
1712674762.1576595,2010,0.9493087530136108
