Wall time,Step,Value
1712739000.7914543,67,0.7836021780967712
1712739009.182431,134,0.8525345325469971
1712739016.8474674,201,0.7951228618621826
1712739025.4738185,268,0.8690476417541504
1712739034.3895552,335,0.886904776096344
1712739042.8051622,402,0.8922811150550842
1712739050.2920117,469,0.8926651477813721
1712739059.8498006,536,0.911098301410675
1712739064.815957,603,0.9285714030265808
1712739069.5307033,670,0.9297235012054443
1712739074.4353428,737,0.9264593124389648
1712739078.9692147,804,0.9301075339317322
1712739083.816836,871,0.9256912469863892
1712739088.398154,938,0.9343317747116089
1712739097.0057573,1005,0.9253072142601013
1712739101.7329974,1072,0.9439324140548706
1712739106.343199,1139,0.9483487010002136
1712739111.198775,1206,0.94450843334198
1712739116.0517695,1273,0.9422042965888977
1712739120.798624,1340,0.9512288570404053
1712739125.4453783,1407,0.9485406875610352
1712739130.0286267,1474,0.9477726817131042
1712739147.6756268,1541,0.9470046162605286
1712739152.3973484,1608,0.9491167664527893
1712739157.0792181,1675,0.9491167664527893
1712739161.8966267,1742,0.9500768184661865
1712739166.472999,1809,0.9481566548347473
1712739171.2712314,1876,0.9477726817131042
1712739175.8298788,1943,0.9475806355476379
1712739185.642721,2010,0.948924720287323
1712739221.961341,2010,0.948924720287323
