Wall time,Step,Value
1712750623.8624828,134,0.707442581653595
1712750629.4048605,268,0.7267626523971558
1712750634.5652926,402,0.7049546241760254
1712750653.0055578,536,0.7943832278251648
1712750658.5599616,670,0.8117294907569885
1712750664.2778516,804,0.8313325047492981
1712750669.3642046,938,0.834224283695221
1712750679.901233,1072,0.8336871266365051
1712750685.4725583,1206,0.8204444646835327
1712750691.0073688,1340,0.836894154548645
1712750697.1590817,1474,0.8410329818725586
1712750707.9331117,1608,0.8479163646697998
1712750713.7737157,1742,0.8390474915504456
1712750719.0852935,1876,0.8393871188163757
1712750729.3134713,2010,0.8394468426704407
1712750735.1121252,2144,0.8412078619003296
1712750740.6922798,2278,0.8337637186050415
1712750745.9169266,2412,0.8385667204856873
1712750759.542081,2546,0.8385180234909058
1712750765.5323913,2680,0.8436019420623779
1712750770.7446637,2814,0.8438195586204529
1712750776.1621408,2948,0.8462614417076111
1712750786.3332472,3082,0.8419790267944336
1712750792.0708966,3216,0.8370294570922852
1712750797.5040302,3350,0.8405905961990356
1712750803.0168128,3484,0.8434594869613647
1712750820.8962872,3618,0.8445935249328613
1712750826.643024,3752,0.8436784744262695
1712750831.7693388,3886,0.8436508774757385
1712750842.2927642,4020,0.8448211550712585
