Wall time,Step,Value
1712674593.0422528,67,0.8813959956169128
1712674599.309285,134,0.9101958274841309
1712674604.8893013,201,0.9173280000686646
1712674610.7774,268,0.9238341450691223
1712674617.1539497,335,0.9237894415855408
1712674623.6490228,402,0.9236920475959778
1712674630.4181669,469,0.9279181957244873
1712674640.000369,536,0.925071656703949
1712674644.6810105,603,0.925942063331604
1712674649.585877,670,0.9262239933013916
1712674654.185453,737,0.9246259927749634
1712674658.655462,804,0.926127552986145
1712674663.3225205,871,0.9261423349380493
1712674667.7639341,938,0.9225866198539734
1712674678.6281197,1005,0.9220752716064453
1712674683.452823,1072,0.929131269454956
1712674688.357964,1139,0.9239042401313782
1712674692.9130864,1206,0.9249250292778015
1712674697.498276,1273,0.9237907528877258
1712674702.1874385,1340,0.9255133867263794
1712674706.7214,1407,0.9259415864944458
1712674711.431248,1474,0.9273306131362915
1712674723.758607,1541,0.9269818663597107
1712674728.4783132,1608,0.9262669682502747
1712674733.063636,1675,0.9282141923904419
1712674737.7571337,1742,0.9260188341140747
1712674742.3257806,1809,0.9275375008583069
1712674747.0325754,1876,0.9262956976890564
1712674751.6527765,1943,0.9265141487121582
1712674761.8946767,2010,0.9266403317451477
1712674762.1585424,2010,0.9266403317451477
