Wall time,Step,Value
1712678492.312284,67,0.8629212975502014
1712678500.8460417,134,0.8803340792655945
1712678509.4770508,201,0.8563831448554993
1712678516.5687306,268,0.902366042137146
1712678524.995959,335,0.9095202684402466
1712678533.8541682,402,0.9096333384513855
1712678542.2955084,469,0.9109450578689575
1712678557.5281093,536,0.9144569635391235
1712678562.395635,603,0.9220470786094666
1712678567.1171243,670,0.9228172898292542
1712678571.9832973,737,0.9189450144767761
1712678576.5021925,804,0.9257845878601074
1712678581.0579722,871,0.9258490204811096
1712678585.734289,938,0.9254867434501648
1712678598.6694705,1005,0.9243289828300476
1712678603.5336049,1072,0.9243817925453186
1712678608.5171008,1139,0.9244828224182129
1712678613.1034749,1206,0.9233165979385376
1712678618.8288584,1273,0.9243214726448059
1712678623.5690906,1340,0.9266100525856018
1712678628.1689684,1407,0.9288352131843567
1712678632.829769,1474,0.9277776479721069
1712678641.4670465,1541,0.9273985624313354
1712678646.3859375,1608,0.9293614625930786
1712678651.0060139,1675,0.9289054870605469
1712678655.6376264,1742,0.9296289682388306
1712678660.3274095,1809,0.929499089717865
1712678665.498099,1876,0.9293458461761475
1712678670.1872602,1943,0.9284390211105347
1712678685.980192,2010,0.9286523461341858
1712678699.4608676,2010,0.9286523461341858
