Wall time,Step,Value
1712678492.3121915,67,0.7183339595794678
1712678500.845956,134,0.7591531872749329
1712678509.4764552,201,0.7365016341209412
1712678516.5686135,268,0.8033559918403625
1712678524.9958825,335,0.8165568113327026
1712678533.8540828,402,0.8155609965324402
1712678542.295423,469,0.819150984287262
1712678557.5280533,536,0.8211047053337097
1712678562.3955748,603,0.8357781767845154
1712678567.1170745,670,0.8373662233352661
1712678571.9832118,737,0.8304771780967712
1712678576.502114,804,0.8409857749938965
1712678581.0579126,871,0.8425427675247192
1712678585.734236,938,0.8427452445030212
1712678598.669372,1005,0.8406798839569092
1712678603.533534,1072,0.8395505547523499
1712678608.5170233,1139,0.8399521112442017
1712678613.103422,1206,0.8385535478591919
1712678618.8287675,1273,0.8399118781089783
1712678623.5689967,1340,0.8432103395462036
1712678628.168916,1407,0.8484652042388916
1712678632.8296742,1474,0.8471250534057617
1712678641.4669876,1541,0.8458265662193298
1712678646.3858852,1608,0.8487650752067566
1712678651.0059314,1675,0.8471127152442932
1712678655.6375344,1742,0.8498609662055969
1712678660.327355,1809,0.8496844172477722
1712678665.4980414,1876,0.848963737487793
1712678670.18721,1943,0.8472527265548706
1712678685.980116,2010,0.8471091985702515
1712678699.4608183,2010,0.8471091985702515
