Wall time,Step,Value
1712679705.8452177,67,0.3363986015319824
1712679710.8765173,134,0.5628141164779663
1712679717.6527586,201,0.5878547430038452
1712679723.3822894,268,0.6439914703369141
1712679729.6682103,335,0.679896354675293
1712679736.0514047,402,0.7264903783798218
1712679742.7110984,469,0.723305344581604
1712679756.4131982,536,0.7305886745452881
1712679761.0906775,603,0.7580276727676392
1712679766.0063584,670,0.765209972858429
1712679770.6957633,737,0.7797896265983582
1712679775.2037544,804,0.7902985215187073
1712679779.9359593,871,0.7822862267494202
1712679784.4714587,938,0.7871960401535034
1712679795.3040516,1005,0.8097511529922485
1712679800.1210063,1072,0.8101668357849121
1712679805.1089053,1139,0.8380110263824463
1712679809.717889,1206,0.818464994430542
1712679814.419154,1273,0.82848060131073
1712679819.1036797,1340,0.8201303482055664
1712679823.692025,1407,0.8237821459770203
1712679828.446827,1474,0.8234657645225525
1712679837.076068,1541,0.8268679976463318
1712679843.6059144,1608,0.828721821308136
1712679848.3089828,1675,0.8236510753631592
1712679853.1388206,1742,0.8358086347579956
1712679857.738251,1809,0.8289365768432617
1712679862.3833823,1876,0.8356985449790955
1712679867.1122901,1943,0.8338273167610168
1712679876.0713205,2010,0.834294319152832
1712679893.3972025,2010,0.834294319152832
