Wall time,Step,Value
1712674593.0421684,67,0.6702497005462646
1712674599.3091931,134,0.7858011722564697
1712674604.8892121,201,0.8185634613037109
1712674610.777321,268,0.8312262296676636
1712674617.153852,335,0.8301671743392944
1712674623.6489115,402,0.830400824546814
1712674630.4180722,469,0.8413272500038147
1712674640.0003092,536,0.8354664444923401
1712674644.6809592,603,0.837666928768158
1712674649.5857751,670,0.8376914858818054
1712674654.1854024,737,0.835602879524231
1712674658.6554077,804,0.8387688994407654
1712674663.3224664,871,0.839909017086029
1712674667.7638798,938,0.8289504051208496
1712674678.6280682,1005,0.831504762172699
1712674683.4527683,1072,0.8460291624069214
1712674688.3579085,1139,0.8362728953361511
1712674692.9130292,1206,0.8352912068367004
1712674697.4981978,1273,0.8326146006584167
1712674702.1873837,1340,0.8365619778633118
1712674706.7213392,1407,0.8400470018386841
1712674711.4311895,1474,0.8421167731285095
1712674723.7585433,1541,0.8412421345710754
1712674728.4782581,1608,0.839349091053009
1712674733.063579,1675,0.8441998958587646
1712674737.7570875,1742,0.8421471118927002
1712674742.3256998,1809,0.841956377029419
1712674747.0324914,1876,0.8418648838996887
1712674751.6526763,1943,0.8425313830375671
1712674761.8946266,2010,0.8417743444442749
1712674762.1584926,2010,0.8417743444442749
