Wall time,Step,Value
1712678492.3111055,67,0.925399661064148
1712678500.8449726,134,0.9236234426498413
1712678509.4755166,201,0.9538187980651855
1712678516.5678253,268,0.9378330111503601
1712678524.994986,335,0.9396092295646667
1712678533.8498647,402,0.9289520382881165
1712678542.2942946,469,0.9360568523406982
1712678557.527373,536,0.9076376557350159
1712678562.394854,603,0.932504415512085
1712678567.1162746,670,0.8916518688201904
1712678571.9821262,737,0.9040852785110474
1712678576.5014029,804,0.8596802949905396
1712678581.0571415,871,0.8543516993522644
1712678585.73341,938,0.8792184591293335
1712678598.6683364,1005,0.8792184591293335
1712678603.5325654,1072,0.8596802949905396
1712678608.5163012,1139,0.8543516993522644
1712678613.10268,1206,0.8880994915962219
1712678618.8278205,1273,0.875666081905365
1712678623.568261,1340,0.8241562843322754
1712678628.1682155,1407,0.8792184591293335
1712678632.8290527,1474,0.8827708959579468
1712678641.466116,1541,0.8703374862670898
1712678646.3851428,1608,0.8809946775436401
1712678651.005038,1675,0.8596802949905396
1712678655.6365643,1742,0.8845470547676086
1712678660.3266277,1809,0.8703374862670898
1712678665.497355,1876,0.8721137046813965
1712678670.186468,1943,0.8792184591293335
1712678685.979281,2010,0.8721137046813965
1712678699.4601865,2010,0.8721137046813965
