Wall time,Step,Value
1712751558.1191204,67,0.7363074421882629
1712751564.7396522,134,0.7707705497741699
1712751570.894439,201,0.7890891432762146
1712751576.8562396,268,0.7931352853775024
1712751584.225393,335,0.8242343068122864
1712751593.07707,402,0.823462963104248
1712751601.7930126,469,0.8029580116271973
1712751613.609594,536,0.8202871084213257
1712751618.5801537,603,0.8184162378311157
1712751623.353069,670,0.8230373859405518
1712751628.1257687,737,0.8103148341178894
1712751632.881203,804,0.7965194582939148
1712751637.4829092,871,0.8041093349456787
1712751642.0206304,938,0.8055571913719177
1712751650.6494427,1005,0.8159855008125305
1712751655.7548583,1072,0.8048872351646423
1712751660.7969153,1139,0.8120552897453308
1712751665.4642951,1206,0.8093152046203613
1712751670.2832294,1273,0.8104886412620544
1712751674.9286916,1340,0.8122981190681458
1712751679.6619828,1407,0.8150051832199097
1712751684.6762033,1474,0.8047202229499817
1712751697.432259,1541,0.8193513751029968
1712751703.164531,1608,0.8162140846252441
1712751708.1291087,1675,0.8181116580963135
1712751712.869279,1742,0.8167665004730225
1712751717.61677,1809,0.8130431175231934
1712751722.631385,1876,0.8109213709831238
1712751727.3235073,1943,0.8149294257164001
1712751736.2630453,2010,0.8150370121002197
